adj,noun,article,group,mass,adj_article
pink,bow,a,1,FALSE,a
springy,tail,a,1,FALSE,a
buttered,dough,NA,1,TRUE,NA
hot,door,a,1,FALSE,a
silver,ship,a,1,FALSE,a
purple,ladybug,a,1,FALSE,a
silver,line,a,1,FALSE,a
wet,rag,a,1,FALSE,a
hot,cake,a,1,FALSE,a
hot,noodle,a,1,FALSE,a
orange,snack,a,2,FALSE,an
orange,sticker,a,2,FALSE,an
brown,color,a,2,FALSE,a
naked,girl,a,2,FALSE,a
green,grasshopper,a,2,FALSE,a
flat,cardboard,NA,2,TRUE,NA
yellow,puppy,a,2,FALSE,a
moist,skin,NA,2,TRUE,NA
dead,person,a,2,FALSE,a
brown,rock,a,2,FALSE,a
red,picture,a,3,FALSE,a
evergreen,tree,a,3,FALSE,an
naked,butt,a,3,FALSE,a
blonde,hair,a,3,FALSE,a
dark,cloud,a,3,FALSE,a
orange,boy,a,3,FALSE,an
bright,hair,a,3,FALSE,a
bottom,stair,a,3,FALSE,a
red,crab,a,3,FALSE,a
wet,girl,a,3,FALSE,a
sweet,baby,a,4,FALSE,a
pink,tongue,a,4,FALSE,a
red,ground,NA,4,TRUE,NA
yellow,curtain,a,4,FALSE,a
giant,stick,a,4,FALSE,a
dirty,slipper,a,4,FALSE,a
yellow,key,a,4,FALSE,a
fat,food,NA,4,TRUE,NA
hot,aspen,an,4,FALSE,a
back,door,a,4,FALSE,a
yellow,dragon,a,5,FALSE,a
yellow,curve,a,5,FALSE,a
grey,bridge,a,5,FALSE,a
red,arrow,an,5,FALSE,a
bright,shirt,a,5,FALSE,a
green,roof,a,5,FALSE,a
wet,snow,NA,5,TRUE,NA
bright,star,a,5,FALSE,a
purple,bin,a,5,FALSE,a
purple,salad,a,5,FALSE,a
pink,basement,a,6,FALSE,a
fat,leg,a,6,FALSE,a
fuzzy,fur,NA,6,TRUE,NA
green,track,a,6,FALSE,a
wet,towel,a,6,FALSE,a
red,hand,a,6,FALSE,a
orange,nose,a,6,FALSE,an
plastic,garbage,NA,6,TRUE,NA
green,helmet,a,6,FALSE,a
yellow,ticket,a,6,FALSE,a
bright,fire,a,7,FALSE,a
bright,light,a,7,FALSE,a
yellow,giraffe,a,7,FALSE,a
green,laundry,NA,7,TRUE,NA
green,grass,NA,7,TRUE,NA
dirty,penny,a,7,FALSE,a
top,bunk,a,7,FALSE,a
yellow,paper,a,7,FALSE,a
green,orange,an,7,FALSE,a
upstairs,food,NA,7,TRUE,NA
solid,baby,a,8,FALSE,a
hot,wing,a,8,FALSE,a
green,banana,a,8,FALSE,a
orange,tail,a,8,FALSE,an
pink,balloon,a,8,FALSE,a
thick,brick,a,8,FALSE,a
wet,tissue,a,8,FALSE,a
wooden,arm,an,8,FALSE,a
yellow,lip,a,8,FALSE,a
bright,punch,a,8,FALSE,a
red,sunset,a,9,FALSE,a
red,hole,a,9,FALSE,a
purple,wheel,a,9,FALSE,a
purple,octopus,an,9,FALSE,a
solid,food,NA,9,TRUE,NA
brown,clump,a,9,FALSE,a
slippery,slipper,a,9,FALSE,a
dark,cow,a,9,FALSE,a
dark,barn,a,9,FALSE,a
wet,sock,a,9,FALSE,a
yellow,duckling,a,10,FALSE,a
pink,crayon,a,10,FALSE,a
dark,owl,an,10,FALSE,a
orange,balloon,a,10,FALSE,an
solid,smack,a,10,FALSE,a
green,knife,a,10,FALSE,a
bright,card,a,10,FALSE,a
wooden,stool,a,10,FALSE,a
yellow,flag,a,10,FALSE,a
plastic,tunnel,a,10,FALSE,a
thick,whisker,a,11,FALSE,a
red,closet,a,11,FALSE,a
yellow,flower,a,11,FALSE,a
green,tree,a,11,FALSE,a
green,puzzle,a,11,FALSE,a
pink,purple,a,11,FALSE,a
bronze,sword,a,11,FALSE,a
green,pepper,a,11,FALSE,a
hot,bottle,a,11,FALSE,a
red,cat,a,11,FALSE,a
green,bubble,a,12,FALSE,a
red,spot,a,12,FALSE,a
muddy,bottom,a,12,FALSE,a
red,ball,a,12,FALSE,a
orange,apple,an,12,FALSE,an
grey,garbage,NA,12,TRUE,NA
yellow,goldfish,a,12,FALSE,a
red,tail,a,12,FALSE,a
orange,mango,a,12,FALSE,an
hot,waffle,a,12,FALSE,a
plastic,air,NA,13,TRUE,NA
yellow,grass,NA,13,TRUE,NA
green,belt,a,13,FALSE,a
yellow,bunny,a,13,FALSE,a
yellow,outfit,an,13,FALSE,a
pink,bird,a,13,FALSE,a
red,dinosaur,a,13,FALSE,a
male,alligator,an,13,FALSE,a
rainy,season,a,13,FALSE,a
furry,coach,a,13,FALSE,a
purple,shovel,a,14,FALSE,a
purple,honey,NA,14,TRUE,NA
green,apple,an,14,FALSE,a
red,soup,NA,14,TRUE,NA
yellow,fireman,a,14,FALSE,a
sweet,rose,a,14,FALSE,a
upstairs,mother,a,14,FALSE,an
round,ball,a,14,FALSE,a
green,hair,a,14,FALSE,a
brown,apple,an,14,FALSE,a
giant,mother,a,15,FALSE,a
orange,top,a,15,FALSE,an
green,bulb,a,15,FALSE,a
dirty,train,a,15,FALSE,a
iron,sword,a,15,FALSE,an
plastic,bowl,a,15,FALSE,a
dirty,house,a,15,FALSE,a
orange,rock,a,15,FALSE,an
green,flower,a,15,FALSE,a
green,pig,a,15,FALSE,a
green,plate,a,16,FALSE,a
hot,baby,a,16,FALSE,a
thick,leg,a,16,FALSE,a
scaly,skin,NA,16,TRUE,NA
wet,shirt,a,16,FALSE,a
yellow,clay,NA,16,TRUE,NA
yellow,bow,a,16,FALSE,a
green,box,a,16,FALSE,a
velvety,cat,a,16,FALSE,a
wet,grass,NA,16,TRUE,NA
red,path,a,17,FALSE,a
dark,chocolate,NA,17,TRUE,NA
red,snow,NA,17,TRUE,NA
brown,cake,a,17,FALSE,a
purple,pepper,a,17,FALSE,a
curly,girl,a,17,FALSE,a
wet,child,a,17,FALSE,a
red,rain,NA,17,TRUE,NA
pink,kitty,a,17,FALSE,a
red,bow,a,17,FALSE,a
dark,crayon,a,18,FALSE,a
sunny,path,a,18,FALSE,a
brown,shirt,a,18,FALSE,a
orange,letter,a,18,FALSE,an
wet,shoe,a,18,FALSE,a
orange,hippo,a,18,FALSE,an
green,carrot,a,18,FALSE,a
orange,star,a,18,FALSE,an
pink,cup,a,18,FALSE,a
pink,worm,a,18,FALSE,a
pink,sweet,a,19,FALSE,a
red,leg,a,19,FALSE,a
purple,sweater,a,19,FALSE,a
yellow,footprint,a,19,FALSE,a
light,car,a,19,FALSE,a
pink,rattle,a,19,FALSE,a
round,cookie,a,19,FALSE,a
pink,snail,a,19,FALSE,a
red,bear,a,19,FALSE,a
purple,window,a,19,FALSE,a
hot,engine,an,20,FALSE,a
yellow,duck,a,20,FALSE,a
red,park,a,20,FALSE,a
mechanic,shop,a,20,FALSE,a
red,fish,a,20,FALSE,a
orange,heart,a,20,FALSE,an
dark,floor,a,20,FALSE,a
dark,night,a,20,FALSE,a
yellow,sailboat,a,20,FALSE,a
yellow,sunset,a,20,FALSE,a
yellow,spider,a,21,FALSE,a
gold,bag,a,21,FALSE,a
green,tomato,a,21,FALSE,a
hot,hand,a,21,FALSE,a
green,garbage,NA,21,TRUE,NA
brown,stripe,a,21,FALSE,a
dark,dot,a,21,FALSE,a
purple,camera,a,21,FALSE,a
green,tea,NA,21,TRUE,NA
soapy,water,NA,21,TRUE,NA
hot,soup,NA,22,TRUE,NA
green,glove,a,22,FALSE,a
orange,cantaloupe,a,22,FALSE,an
blind,mouse,a,22,FALSE,a
orange,train,a,22,FALSE,an
wooden,sled,a,22,FALSE,a
pink,beer,a,22,FALSE,a
bright,zoo,a,22,FALSE,a
orange,bus,a,22,FALSE,an
green,book,a,22,FALSE,a
green,yogurt,NA,23,TRUE,NA
yellow,lion,a,23,FALSE,a
fuzzy,train,a,23,FALSE,a
pregnant,belly,a,23,FALSE,a
brown,honey,NA,23,TRUE,NA
hot,car,a,23,FALSE,a
dirty,money,NA,23,TRUE,NA
hot,leg,a,23,FALSE,a
red,car,a,23,FALSE,a
orange,eye,an,23,FALSE,an
woolly,head,a,24,FALSE,a
salty,ocean,an,24,FALSE,a
sweet,sugar,NA,24,TRUE,NA
green,bowl,a,24,FALSE,a
wet,toy,a,24,FALSE,a
purple,chair,a,24,FALSE,a
yellow,honey,NA,24,TRUE,NA
green,hand,a,24,FALSE,a
yellow,frog,a,24,FALSE,a
green,block,a,24,FALSE,a
puffy,cloud,a,25,FALSE,a
fuzzy,blanket,a,25,FALSE,a
gold,balloon,a,25,FALSE,a
flat,puzzle,a,25,FALSE,a
dead,horse,a,25,FALSE,a
red,rabbit,a,25,FALSE,a
green,bow,a,25,FALSE,a
green,chest,a,25,FALSE,a
yellow,tower,a,25,FALSE,a
plastic,cup,a,25,FALSE,a
hot,plate,a,26,FALSE,a
yellow,pepper,a,26,FALSE,a
pink,frosting,NA,26,TRUE,NA
brown,cap,a,26,FALSE,a
orange,cider,NA,26,TRUE,NA
orange,beak,a,26,FALSE,an
dirty,water,NA,26,TRUE,NA
hot,son,a,26,FALSE,a
wooden,barrel,a,26,FALSE,a
pink,cupcake,a,26,FALSE,a
thick,hair,NA,27,TRUE,NA
red,rectangle,a,27,FALSE,a
green,squirrel,a,27,FALSE,a
yellow,crib,a,27,FALSE,a
red,berry,a,27,FALSE,a
dark,yellow,a,27,FALSE,a
silky,mask,a,27,FALSE,a
green,rain,NA,27,TRUE,NA
purple,pocket,a,27,FALSE,a
light,candle,a,27,FALSE,a
sweet,strawberry,a,28,FALSE,a
orange,sun,a,28,FALSE,an
green,rug,a,28,FALSE,a
purple,popsicle,a,28,FALSE,a
green,stem,a,28,FALSE,a
dark,bed,a,28,FALSE,a
fat,weight,a,28,FALSE,a
purple,plum,a,28,FALSE,a
yellow,airplane,an,28,FALSE,a
dirty,glass,NA,28,TRUE,NA
flat,pancake,a,29,FALSE,a
yellow,cap,a,29,FALSE,a
giant,foot,a,29,FALSE,a
plastic,lid,a,29,FALSE,a
pink,shoe,a,29,FALSE,a
gold,cap,a,29,FALSE,a
red,firefly,a,29,FALSE,a
purple,bag,a,29,FALSE,a
sweet,sweet,a,29,FALSE,a
red,puppy,a,29,FALSE,a
moist,worm,a,30,FALSE,a
pink,branch,a,30,FALSE,a
orange,pumpkin,a,30,FALSE,an
yellow,baby,a,30,FALSE,a
hot,ear,an,30,FALSE,a
hot,bite,a,30,FALSE,a
square,flower,a,30,FALSE,a
giant,seal,a,30,FALSE,a
furry,cat,a,30,FALSE,a
purple,penny,a,30,FALSE,a
purple,jacket,a,31,FALSE,a
pink,tray,a,31,FALSE,a
colored,fish,a,31,FALSE,a
yellow,bib,a,31,FALSE,a
red,bell,a,31,FALSE,a
capital,letter,a,31,FALSE,a
green,circle,a,31,FALSE,a
green,dinosaur,a,31,FALSE,a
plastic,chair,a,31,FALSE,a
flat,floor,a,31,FALSE,a
orange,candy,NA,32,TRUE,NA
hot,penguin,a,32,FALSE,a
fuzzy,brown,a,32,FALSE,a
green,water,NA,32,TRUE,NA
hot,pot,a,32,FALSE,a
brown,eyebrow,an,32,FALSE,a
juicy,onion,an,32,FALSE,a
yellow,boat,a,32,FALSE,a
green,person,a,32,FALSE,a
red,skin,NA,32,TRUE,NA
red,mustache,a,33,FALSE,a
silky,ear,an,33,FALSE,a
wooden,button,a,33,FALSE,a
pink,chair,a,33,FALSE,a
purple,bead,a,33,FALSE,a
purple,stick,a,33,FALSE,a
pink,girl,a,33,FALSE,a
colored,boat,a,33,FALSE,a
slippery,noodle,a,33,FALSE,a
purple,guy,a,33,FALSE,a
purple,bird,a,34,FALSE,a
pink,garden,a,34,FALSE,a
orange,lemon,a,34,FALSE,an
dirty,baby,a,34,FALSE,a
flat,pillow,a,34,FALSE,a
hot,foot,a,34,FALSE,a
plastic,truck,a,34,FALSE,a
red,star,a,34,FALSE,a
yellow,crust,NA,34,TRUE,NA
green,moose,a,34,FALSE,a
green,tail,a,35,FALSE,a
hot,head,a,35,FALSE,a
north,pole,a,35,FALSE,a
hot,radiator,a,35,FALSE,a
orange,tooth,a,35,FALSE,an
wet,kid,a,35,FALSE,a
yellow,hand,a,35,FALSE,a
silver,dollar,a,35,FALSE,a
hot,wood,NA,35,TRUE,NA
pink,whale,a,35,FALSE,a
red,boot,a,36,FALSE,a
purple,hat,a,36,FALSE,a
giant,belt,a,36,FALSE,a
upstairs,honey,NA,36,TRUE,NA
purple,light,a,36,FALSE,a
salty,wave,a,36,FALSE,a
pink,box,a,36,FALSE,a
purple,food,NA,36,TRUE,NA
purple,sheep,a,36,FALSE,a
dead,leave,a,36,FALSE,a
green,ear,an,37,FALSE,a
bright,day,a,37,FALSE,a
green,top,a,37,FALSE,a
green,scooter,a,37,FALSE,a
wet,report,a,37,FALSE,a
red,card,a,37,FALSE,a
red,dinner,a,37,FALSE,a
upstairs,phone,a,37,FALSE,an
slippery,foot,a,37,FALSE,a
sunny,sun,a,37,FALSE,a
red,foot,a,38,FALSE,a
red,cape,a,38,FALSE,a
gold,glass,NA,38,TRUE,NA
yellow,spot,a,38,FALSE,a
hot,sun,a,38,FALSE,a
sweet,song,a,38,FALSE,a
yellow,peach,a,38,FALSE,a
pink,tool,a,38,FALSE,a
dirty,garbage,NA,38,TRUE,NA
yellow,dish,a,38,FALSE,a
wet,pal,a,39,FALSE,a
dirty,spot,a,39,FALSE,a
orange,skin,NA,39,TRUE,NA
rubber,glove,a,39,FALSE,a
seventh,turtle,a,39,FALSE,a
icy,planet,a,39,FALSE,an
dead,baby,a,39,FALSE,a
green,airplane,an,39,FALSE,a
dirty,bottom,a,39,FALSE,a
red,cheese,NA,39,TRUE,NA
square,triangle,a,40,FALSE,a
sunny,sister,a,40,FALSE,a
plastic,mat,a,40,FALSE,a
sweet,garden,a,40,FALSE,a
flat,house,a,40,FALSE,a
yellow,letter,a,40,FALSE,a
green,beard,a,40,FALSE,a
wooden,board,a,40,FALSE,a
yellow,school,a,40,FALSE,a
brown,crayon,a,40,FALSE,a
purple,fish,a,41,FALSE,a
blond,girl,a,41,FALSE,a
green,triceratops,a,41,FALSE,a
green,watch,a,41,FALSE,a
red,cherry,a,41,FALSE,a
outside,window,a,41,FALSE,an
ivory,elephant,an,41,FALSE,an
red,flavor,a,41,FALSE,a
stormy,night,a,41,FALSE,a
fat,cookie,a,41,FALSE,a
red,stick,a,42,FALSE,a
yellow,line,a,42,FALSE,a
red,broccoli,NA,42,TRUE,NA
orange,monkey,a,42,FALSE,an
purple,horse,a,42,FALSE,a
purple,grape,a,42,FALSE,a
pink,diamond,a,42,FALSE,a
green,head,a,42,FALSE,a
muddy,foot,a,42,FALSE,a
purple,cow,a,42,FALSE,a
red,ladybug,a,43,FALSE,a
giant,frog,a,43,FALSE,a
orange,shoe,a,43,FALSE,an
pink,bag,a,43,FALSE,a
green,jacket,a,43,FALSE,a
red,plate,a,43,FALSE,a
wet,sheep,a,43,FALSE,a
yellow,bird,a,43,FALSE,a
wet,whale,a,43,FALSE,a
red,bead,a,43,FALSE,a
giant,fish,a,44,FALSE,a
orange,cat,a,44,FALSE,an
red,door,a,44,FALSE,a
green,key,a,44,FALSE,a
red,flower,a,44,FALSE,a
hot,telephone,a,44,FALSE,a
yellow,picture,a,44,FALSE,a
red,cab,a,44,FALSE,a
pink,flower,a,44,FALSE,a
purple,leg,a,44,FALSE,a
dark,dog,a,45,FALSE,a
yellow,chick,a,45,FALSE,a
dirty,pig,a,45,FALSE,a
pink,pear,a,45,FALSE,a
purple,row,a,45,FALSE,a
yellow,juice,NA,45,TRUE,NA
yellow,turtle,a,45,FALSE,a
purple,ball,a,45,FALSE,a
yellow,table,a,45,FALSE,a
limp,sheep,a,45,FALSE,a
silver,shell,a,46,FALSE,a
purple,collar,a,46,FALSE,a
brown,paper,a,46,FALSE,a
dirty,bowl,a,46,FALSE,a
yellow,lid,a,46,FALSE,a
dead,turtle,a,46,FALSE,a
silver,card,a,46,FALSE,a
red,truck,a,46,FALSE,a
pink,fairy,a,46,FALSE,a
yellow,stick,a,46,FALSE,a
slippery,ice,NA,47,TRUE,NA
hot,juice,NA,47,TRUE,NA
red,rail,a,47,FALSE,a
dirty,slide,a,47,FALSE,a
giant,circle,a,47,FALSE,a
pink,paper,a,47,FALSE,a
green,bucket,a,47,FALSE,a
yellow,paint,NA,47,TRUE,NA
brown,basket,a,47,FALSE,a
green,mountain,a,47,FALSE,a
barefoot,ballerina,a,48,FALSE,a
pink,tail,a,48,FALSE,a
bright,color,a,48,FALSE,a
red,coat,a,48,FALSE,a
dirty,ground,NA,48,TRUE,NA
fat,toe,a,48,FALSE,a
solar,star,a,48,FALSE,a
purple,puppy,a,48,FALSE,a
red,sign,a,48,FALSE,a
hot,mitt,a,48,FALSE,a
pink,dress,a,49,FALSE,a
green,ham,NA,49,TRUE,NA
dead,skin,NA,49,TRUE,NA
red,road,a,49,FALSE,a
red,block,a,49,FALSE,a
orange,goldfish,a,49,FALSE,an
metallic,color,a,49,FALSE,a
bottom,lip,a,49,FALSE,a
ivory,hippopotamus,a,49,FALSE,an
giant,bucket,a,49,FALSE,a
red,wheat,NA,50,TRUE,NA
tin,box,a,50,FALSE,a
red,store,a,50,FALSE,a
thick,mustache,a,50,FALSE,a
fat,girl,a,50,FALSE,a
rubber,line,a,50,FALSE,a
orange,hat,a,50,FALSE,an
green,wall,a,50,FALSE,a
yellow,tube,a,50,FALSE,a
red,lid,a,50,FALSE,a
green,eagle,an,51,FALSE,a
bright,heel,a,51,FALSE,a
green,animal,an,51,FALSE,a
fat,belly,a,51,FALSE,a
green,pony,a,51,FALSE,a
outside,bird,a,51,FALSE,an
pink,lipstick,NA,51,TRUE,NA
red,petal,a,51,FALSE,a
green,lego,a,51,FALSE,a
yellow,pig,a,51,FALSE,a
silky,web,a,52,FALSE,a
plastic,bag,a,52,FALSE,a
dark,circle,a,52,FALSE,a
yellow,leg,a,52,FALSE,a
dark,sheep,a,52,FALSE,a
dirty,plant,a,52,FALSE,a
wet,tea,NA,52,TRUE,NA
green,pumpkin,a,52,FALSE,a
purple,head,a,52,FALSE,a
hot,earth,NA,52,TRUE,NA
juicy,fruit,NA,53,TRUE,NA
purple,patch,a,53,FALSE,a
pink,jam,NA,53,TRUE,NA
back,porch,a,53,FALSE,a
silver,police,NA,53,TRUE,NA
yellow,broom,a,53,FALSE,a
giant,lady,a,53,FALSE,a
pink,heart,a,53,FALSE,a
orange,blueberry,a,53,FALSE,an
dark,glass,NA,53,TRUE,NA
furry,teddy,a,54,FALSE,a
hot,corn,NA,54,TRUE,NA
purple,bucket,a,54,FALSE,a
pink,star,a,54,FALSE,a
red,planet,a,54,FALSE,a
yellow,pin,a,54,FALSE,a
brown,boot,a,54,FALSE,a
dead,storm,a,54,FALSE,a
yellow,hay,NA,54,TRUE,NA
wet,mouth,a,54,FALSE,a
green,board,a,55,FALSE,a
salty,chicken,a,55,FALSE,a
bald,boy,a,55,FALSE,a
twin,brother,a,55,FALSE,a
yellow,leave,a,55,FALSE,a
yellow,pot,a,55,FALSE,a
pink,hair,a,55,FALSE,a
green,ocean,an,55,FALSE,a
hot,bacon,NA,55,TRUE,NA
red,paper,a,55,FALSE,a
orange,animal,an,56,FALSE,an
wet,day,a,56,FALSE,a
red,bowl,a,56,FALSE,a
red,squirrel,a,56,FALSE,a
orange,grin,a,56,FALSE,an
slippery,ground,NA,56,TRUE,NA
orange,broom,a,56,FALSE,an
red,book,a,56,FALSE,a
gold,tooth,a,56,FALSE,a
dark,orange,an,56,FALSE,a
red,ocean,an,57,FALSE,a
green,soup,NA,57,TRUE,NA
gold,dinosaur,a,57,FALSE,a
green,heart,a,57,FALSE,a
red,turtle,a,57,FALSE,a
green,bone,a,57,FALSE,a
red,moon,a,57,FALSE,a
red,scarf,a,57,FALSE,a
red,shirt,a,57,FALSE,a
purple,balloon,a,57,FALSE,a
dirty,arm,an,58,FALSE,a
plastic,animal,an,58,FALSE,a
purple,coat,a,58,FALSE,a
purple,arm,an,58,FALSE,a
brown,bone,a,58,FALSE,a
pink,collar,a,58,FALSE,a
colored,dot,a,58,FALSE,a
purple,pony,a,58,FALSE,a
colored,water,NA,58,TRUE,NA
red,dress,a,58,FALSE,a
dark,movie,a,59,FALSE,a
plastic,water,NA,59,TRUE,NA
purple,spot,a,59,FALSE,a
furry,mountain,a,59,FALSE,a
red,gym,a,59,FALSE,a
brown,bear,a,59,FALSE,a
purple,butterfly,a,59,FALSE,a
red,sun,the,59,FALSE,a
hot,honey,NA,59,TRUE,NA
bright,picture,a,59,FALSE,a
silver,foot,a,60,FALSE,a
khaki,shorts,NA,60,TRUE,NA
slippery,floor,a,60,FALSE,a
fat,baby,a,60,FALSE,a
sunny,day,a,60,FALSE,a
purple,flower,a,60,FALSE,a
orange,sunglass,a,60,FALSE,an
green,arm,an,60,FALSE,a
orange,peel,a,60,FALSE,an
pink,picture,a,60,FALSE,a
dirty,color,a,61,FALSE,a
orange,circle,a,61,FALSE,an
thick,card,a,61,FALSE,a
yellow,apple,an,61,FALSE,a
red,hen,a,61,FALSE,a
pink,sock,a,61,FALSE,a
red,freight,NA,61,TRUE,NA
red,pole,a,61,FALSE,a
hot,syrup,a,61,FALSE,a
wet,pumpkin,a,61,FALSE,a
hot,donut,a,62,FALSE,a
khaki,pig,a,62,FALSE,a
purple,noodle,a,62,FALSE,a
green,square,a,62,FALSE,a
red,mouth,a,62,FALSE,a
pregnant,vegetable,a,62,FALSE,a
red,punch,a,62,FALSE,a
red,horse,a,62,FALSE,a
orange,pentagon,a,62,FALSE,an
yellow,guitar,a,62,FALSE,a
red,collar,a,63,FALSE,a
sandy,shoe,a,63,FALSE,a
green,bird,a,63,FALSE,a
buttered,stew,a,63,FALSE,a
upstairs,toy,a,63,FALSE,an
wooden,tooth,a,63,FALSE,a
wet,pillow,a,63,FALSE,a
red,dragon,a,63,FALSE,a
purple,brace,a,63,FALSE,a
fuzzy,creature,a,63,FALSE,a
orange,sheet,a,64,FALSE,an
hot,air,NA,64,TRUE,NA
wet,paper,a,64,FALSE,a
green,potty,a,64,FALSE,a
square,box,a,64,FALSE,a
dead,fish,a,64,FALSE,a
hot,log,a,64,FALSE,a
orange,turtle,a,64,FALSE,an
dirty,sock,a,64,FALSE,a
orange,planet,a,64,FALSE,an
red,caboose,a,65,FALSE,a
red,cake,a,65,FALSE,a
pink,milk,NA,65,TRUE,NA
yellow,squash,a,65,FALSE,a
red,rock,a,65,FALSE,a
bright,tail,a,65,FALSE,a
red,gown,a,65,FALSE,a
wet,floor,a,65,FALSE,a
snowy,day,a,65,FALSE,a
yellow,cheese,NA,65,TRUE,NA
wet,soap,NA,66,TRUE,NA
red,leaf,a,66,FALSE,a
wet,sand,NA,66,TRUE,NA
plastic,piece,a,66,FALSE,a
yellow,submarine,a,66,FALSE,a
giant,puppet,a,66,FALSE,a
dirty,seat,a,66,FALSE,a
sunny,house,a,66,FALSE,a
silver,dinosaur,a,66,FALSE,a
red,basket,a,66,FALSE,a
wet,page,a,67,FALSE,a
wet,paw,a,67,FALSE,a
orange,noodle,a,67,FALSE,an
grey,elephant,an,67,FALSE,a
hot,pea,a,67,FALSE,a
orange,drink,a,67,FALSE,an
green,hat,a,67,FALSE,a
red,heart,a,67,FALSE,a
sandy,cookie,a,67,FALSE,a
dead,leaf,a,67,FALSE,a
green,alligator,an,68,FALSE,a
bright,fish,a,68,FALSE,a
hip,bone,a,68,FALSE,a
fuzzy,nose,a,68,FALSE,a
red,edge,an,68,FALSE,a
hot,chip,a,68,FALSE,a
green,pea,a,68,FALSE,a
pink,table,a,68,FALSE,a
icy,sea,a,68,FALSE,an
pink,egg,an,68,FALSE,a
brown,grass,NA,69,TRUE,NA
wet,swing,a,69,FALSE,a
red,sunshine,NA,69,TRUE,NA
dark,game,a,69,FALSE,a
giant,creature,a,69,FALSE,a
yellow,cake,a,69,FALSE,a
green,ring,a,69,FALSE,a
purple,kitchen,a,69,FALSE,a
sweet,sauce,NA,69,TRUE,NA
hot,beam,a,69,FALSE,a
pink,sword,a,70,FALSE,a
fat,elephant,an,70,FALSE,a
icy,ring,a,70,FALSE,an
oval,piece,a,70,FALSE,an
velvety,calf,a,70,FALSE,a
purple,diamond,a,70,FALSE,a
yellow,tongue,a,70,FALSE,a
green,color,a,70,FALSE,a
bottom,shelf,a,70,FALSE,a
pink,leg,a,70,FALSE,a
dirty,pillow,a,71,FALSE,a
purple,bud,a,71,FALSE,a
wet,hair,a,71,FALSE,a
bright,engine,an,71,FALSE,a
red,square,a,71,FALSE,a
green,goldfish,a,71,FALSE,a
hot,gun,a,71,FALSE,a
gold,shoe,a,71,FALSE,a
red,balloon,a,71,FALSE,a
hot,day,a,71,FALSE,a
yellow,pond,a,72,FALSE,a
green,rectangle,a,72,FALSE,a
brown,egg,an,72,FALSE,a
puffy,cheek,a,72,FALSE,a
wet,bucket,a,72,FALSE,a
wet,table,a,72,FALSE,a
grey,dog,a,72,FALSE,a
giant,body,a,72,FALSE,a
hot,turtle,a,72,FALSE,a
top,row,a,72,FALSE,a
plastic,scissor,a,73,FALSE,a
bright,moon,a,73,FALSE,a
hot,house,a,73,FALSE,a
purple,screw,a,73,FALSE,a
green,lime,a,73,FALSE,a
sunny,seat,a,73,FALSE,a
pink,gown,a,73,FALSE,a
dirty,tank,a,73,FALSE,a
brown,eye,an,73,FALSE,a
naked,baby,a,73,FALSE,a
red,engine,an,74,FALSE,a
green,suit,a,74,FALSE,a
red,cheek,a,74,FALSE,a
red,dog,a,74,FALSE,a
red,eye,an,74,FALSE,a
concrete,cake,a,74,FALSE,a
pinky,toe,a,74,FALSE,a
upstairs,crib,a,74,FALSE,an
red,stripe,a,74,FALSE,a
dirty,soup,NA,74,TRUE,NA
flat,piece,a,75,FALSE,a
bathing,guy,a,75,FALSE,a
puffy,branch,a,75,FALSE,a
fat,suit,a,75,FALSE,a
purple,candy,NA,75,TRUE,NA
pinky,purple,a,75,FALSE,a
sunny,country,a,75,FALSE,a
red,deck,a,75,FALSE,a
yellow,bear,a,75,FALSE,a
juicy,pear,a,75,FALSE,a
fuzzy,top,a,76,FALSE,a
snowy,bear,a,76,FALSE,a
wooden,pot,a,76,FALSE,a
wet,water,NA,76,TRUE,NA
brown,coat,a,76,FALSE,a
sweet,onion,an,76,FALSE,a
pink,bib,a,76,FALSE,a
yellow,phone,a,76,FALSE,a
woolly,sheep,a,76,FALSE,a
orange,day,a,76,FALSE,an
fuzzy,stick,a,77,FALSE,a
yellow,circle,a,77,FALSE,a
brown,sugar,NA,77,TRUE,NA
wet,pile,a,77,FALSE,a
wet,tear,a,77,FALSE,a
grey,clay,NA,77,TRUE,NA
sweet,pie,a,77,FALSE,a
wooden,horse,a,77,FALSE,a
brown,page,a,77,FALSE,a
fat,child,a,77,FALSE,a
giant,octopus,an,78,FALSE,a
brown,frog,a,78,FALSE,a
purple,floor,a,78,FALSE,a
pink,cap,a,78,FALSE,a
pink,wand,a,78,FALSE,a
wet,cat,a,78,FALSE,a
purple,bus,a,78,FALSE,a
purple,cap,a,78,FALSE,a
fat,bunny,a,78,FALSE,a
giant,water,NA,78,TRUE,NA
yellow,car,a,79,FALSE,a
purple,cup,a,79,FALSE,a
orange,ear,an,79,FALSE,an
fat,guy,a,79,FALSE,a
brown,wing,a,79,FALSE,a
orange,sweater,a,79,FALSE,an
green,mouth,a,79,FALSE,a
red,house,a,79,FALSE,a
red,jacket,a,79,FALSE,a
yellow,costume,a,79,FALSE,a
purple,bottle,a,80,FALSE,a
green,honey,NA,80,TRUE,NA
brown,horse,a,80,FALSE,a
thick,tree,a,80,FALSE,a
red,van,a,80,FALSE,a
soapy,towel,a,80,FALSE,a
orange,squirrel,a,80,FALSE,an
brown,blanket,a,80,FALSE,a
hot,tongue,a,80,FALSE,a
naked,person,a,80,FALSE,a
red,cart,a,81,FALSE,a
light,coffee,NA,81,TRUE,NA
yellow,light,a,81,FALSE,a
wet,garage,a,81,FALSE,a
gold,window,a,81,FALSE,a
hot,blanket,a,81,FALSE,a
pink,nose,a,81,FALSE,a
light,message,a,81,FALSE,a
red,throat,a,81,FALSE,a
purple,dog,a,81,FALSE,a
outdoor,camp,a,82,FALSE,an
red,pepper,a,82,FALSE,a
orange,toe,a,82,FALSE,an
wet,patch,a,82,FALSE,a
red,nail,a,82,FALSE,a
hot,steam,NA,82,TRUE,NA
green,diamond,a,82,FALSE,a
purple,eye,an,82,FALSE,a
pink,juice,NA,82,TRUE,NA
dirty,floor,a,82,FALSE,a
red,cabin,a,83,FALSE,a
pink,tutu,a,83,FALSE,a
silver,box,a,83,FALSE,a
orange,picture,a,83,FALSE,an
dark,alley,an,83,FALSE,a
yellow,page,a,83,FALSE,a
dark,hay,NA,83,TRUE,NA
hot,paper,a,83,FALSE,a
soapy,bubble,a,83,FALSE,a
hot,night,a,83,FALSE,a
upstairs,cup,a,84,FALSE,an
square,piece,a,84,FALSE,a
hot,muffin,a,84,FALSE,a
colored,ear,an,84,FALSE,a
brown,sky,a,84,FALSE,a
hot,nose,a,84,FALSE,a
round,circle,a,84,FALSE,a
brown,top,a,84,FALSE,a
red,mine,a,84,FALSE,a
purple,spoon,a,84,FALSE,a
male,foot,a,85,FALSE,a
pink,suit,a,85,FALSE,a
red,parachute,a,85,FALSE,a
hot,roll,a,85,FALSE,a
fat,cat,a,85,FALSE,a
green,strawberry,a,85,FALSE,a
pink,sand,NA,85,TRUE,NA
round,home,a,85,FALSE,a
hot,macaroni,NA,85,TRUE,NA
brown,swing,a,85,FALSE,a
dirty,nose,a,86,FALSE,a
hot,pig,a,86,FALSE,a
red,oil,NA,86,TRUE,NA
pink,ring,a,86,FALSE,a
flat,bed,a,86,FALSE,a
red,penguin,a,86,FALSE,a
green,chocolate,NA,86,TRUE,NA
pink,ball,a,86,FALSE,a
yellow,noodle,a,86,FALSE,a
juicy,meat,NA,86,TRUE,NA
hot,breakfast,a,87,FALSE,a
giant,gorilla,a,87,FALSE,a
dark,mouse,a,87,FALSE,a
brown,cow,a,87,FALSE,a
brown,gravy,NA,87,TRUE,NA
brown,girl,a,87,FALSE,a
green,slide,a,87,FALSE,a
purple,pad,a,87,FALSE,a
wet,bottom,a,87,FALSE,a
furry,foot,a,87,FALSE,a
hot,jeans,NA,88,TRUE,NA
giant,dog,a,88,FALSE,a
yellow,shoe,a,88,FALSE,a
purple,glass,NA,88,TRUE,NA
red,street,a,88,FALSE,a
purple,bat,a,88,FALSE,a
plastic,fork,a,88,FALSE,a
dirty,honey,NA,88,TRUE,NA
red,tractor,a,88,FALSE,a
furry,dog,a,88,FALSE,a
orange,arm,an,89,FALSE,an
hot,cookie,a,89,FALSE,a
yellow,glass,NA,89,TRUE,NA
plastic,child,a,89,FALSE,a
dark,tree,a,89,FALSE,a
red,sand,NA,89,TRUE,NA
purple,belly,a,89,FALSE,a
wet,foot,a,89,FALSE,a
bald,baby,a,89,FALSE,a
round,edge,an,89,FALSE,a
yellow,scarf,a,90,FALSE,a
round,cracker,a,90,FALSE,a
orange,finger,a,90,FALSE,an
gold,reindeer,a,90,FALSE,a
red,light,a,90,FALSE,a
wooden,wood,NA,90,TRUE,NA
silky,fur,NA,90,TRUE,NA
brown,orange,an,90,FALSE,a
hot,carrot,a,90,FALSE,a
orange,tree,a,90,FALSE,an
curly,paper,a,91,FALSE,a
brown,goldfish,a,91,FALSE,a
red,ribbon,a,91,FALSE,a
brown,kitty,a,91,FALSE,a
purple,truck,a,91,FALSE,a
naked,kid,a,91,FALSE,a
yellow,fuzz,NA,91,TRUE,NA
dirty,nail,a,91,FALSE,a
green,monkey,a,91,FALSE,a
dirty,bear,a,91,FALSE,a
pink,sweater,a,92,FALSE,a
purple,porch,a,92,FALSE,a
yellow,fence,a,92,FALSE,a
red,sheep,a,92,FALSE,a
wet,spot,a,92,FALSE,a
yellow,lemonade,NA,92,TRUE,NA
red,heel,a,92,FALSE,a
wet,card,a,92,FALSE,a
gold,hill,a,92,FALSE,a
grey,button,a,92,FALSE,a
plastic,ball,a,93,FALSE,a
red,piece,a,93,FALSE,a
purple,flag,a,93,FALSE,a
colored,balloon,a,93,FALSE,a
green,dog,a,93,FALSE,a
green,bear,a,93,FALSE,a
green,cow,a,93,FALSE,a
purple,bug,a,93,FALSE,a
green,foot,a,93,FALSE,a
pink,rectangle,a,93,FALSE,a
red,barn,a,94,FALSE,a
bright,sun,a,94,FALSE,a
green,money,NA,94,TRUE,NA
hot,rod,a,94,FALSE,a
orange,orange,an,94,FALSE,an
fuzzy,foot,a,94,FALSE,a
pink,pillow,a,94,FALSE,a
yellow,eye,an,94,FALSE,a
yellow,collar,a,94,FALSE,a
sandy,person,a,94,FALSE,a
brown,shoe,a,95,FALSE,a
gold,bow,a,95,FALSE,a
hot,egg,an,95,FALSE,a
gold,gift,a,95,FALSE,a
fuzzy,bunny,a,95,FALSE,a
purple,star,a,95,FALSE,a
colored,ball,a,95,FALSE,a
gold,mountain,a,95,FALSE,a
orange,egg,an,95,FALSE,an
wet,tummy,a,95,FALSE,a
green,sugar,NA,96,TRUE,NA
flat,pile,a,96,FALSE,a
salty,sandwich,a,96,FALSE,a
pink,fish,a,96,FALSE,a
wet,dog,a,96,FALSE,a
red,body,a,96,FALSE,a
purple,tail,a,96,FALSE,a
hot,shark,a,96,FALSE,a
square,block,a,96,FALSE,a
wet,stair,a,96,FALSE,a
dirty,mitt,a,97,FALSE,a
red,milk,NA,97,TRUE,NA
wet,mop,a,97,FALSE,a
silver,maid,a,97,FALSE,a
plastic,dinosaur,a,97,FALSE,a
colored,stroller,a,97,FALSE,a
dirty,candle,a,97,FALSE,a
green,tube,a,97,FALSE,a
purple,picture,a,97,FALSE,a
mechanic,shoe,a,97,FALSE,a
purple,water,NA,98,TRUE,NA
bright,feather,a,98,FALSE,a
grey,sky,a,98,FALSE,a
green,shovel,a,98,FALSE,a
bottom,bunk,a,98,FALSE,a
yellow,brush,a,98,FALSE,a
pink,hat,a,98,FALSE,a
outdoor,art,NA,98,TRUE,NA
red,village,a,98,FALSE,a
green,game,a,98,FALSE,a
hot,bubble,a,99,FALSE,a
dirty,toast,NA,99,TRUE,NA
icy,drink,a,99,FALSE,an
solid,tomato,a,99,FALSE,a
upstairs,dress,a,99,FALSE,an
dirty,spoon,a,99,FALSE,a
giant,carrot,a,99,FALSE,a
juicy,worm,a,99,FALSE,a
orange,ladybug,a,99,FALSE,an
raspberry,coffee,NA,99,TRUE,NA
flat,paper,a,100,FALSE,a
green,giraffe,a,100,FALSE,a
wet,guy,a,100,FALSE,a
icy,penguin,a,100,FALSE,an
purple,lipstick,NA,100,TRUE,NA
purple,kangaroo,a,100,FALSE,a
green,chair,a,100,FALSE,a
pink,pant,a,100,FALSE,a
red,cell,a,100,FALSE,a
dead,pile,a,100,FALSE,a
foamy,ball,a,101,FALSE,a
red,rose,a,101,FALSE,a
thick,olive,an,101,FALSE,a
red,night,a,101,FALSE,a
gold,helmet,a,101,FALSE,a
brown,stick,a,101,FALSE,a
flat,triangle,a,101,FALSE,a
purple,mouth,a,101,FALSE,a
bright,dad,a,101,FALSE,a
green,fish,a,101,FALSE,a
square,line,a,102,FALSE,a
red,clay,NA,102,TRUE,NA
purple,wiggle,a,102,FALSE,a
red,baby,a,102,FALSE,a
green,jungle,a,102,FALSE,a
red,tomato,a,102,FALSE,a
pink,horse,a,102,FALSE,a
red,log,a,102,FALSE,a
green,bib,a,102,FALSE,a
wooden,piece,a,102,FALSE,a
orange,bird,a,103,FALSE,an
hot,freezer,a,103,FALSE,a
green,puppy,a,103,FALSE,a
bright,yellow,a,103,FALSE,a
yellow,coat,a,103,FALSE,a
giant,robot,a,103,FALSE,a
red,plant,a,103,FALSE,a
thick,soup,NA,103,TRUE,NA
round,clock,a,103,FALSE,a
light,phone,a,103,FALSE,a
pink,scarf,a,104,FALSE,a
plastic,noggin,a,104,FALSE,a
purple,crayon,a,104,FALSE,a
dead,head,a,104,FALSE,a
red,camera,a,104,FALSE,a
green,nose,a,104,FALSE,a
dirty,dog,a,104,FALSE,a
pink,yogurt,NA,104,TRUE,NA
purple,triangle,a,104,FALSE,a
dirty,bib,a,104,FALSE,a
purple,bowl,a,105,FALSE,a
grey,cap,a,105,FALSE,a
green,leg,a,105,FALSE,a
green,shell,a,105,FALSE,a
red,shop,a,105,FALSE,a
ivory,tusk,a,105,FALSE,an
red,popsicle,a,105,FALSE,a
green,body,a,105,FALSE,a
red,board,a,105,FALSE,a
yellow,plate,a,105,FALSE,a
pink,honey,NA,106,TRUE,NA
dead,battery,a,106,FALSE,a
yellow,couch,a,106,FALSE,a
light,horse,a,106,FALSE,a
green,peanut,a,106,FALSE,a
wet,hose,a,106,FALSE,a
red,letter,a,106,FALSE,a
red,button,a,106,FALSE,a
dirty,laundry,NA,106,TRUE,NA
fuzzy,bone,a,106,FALSE,a
green,cactus,a,107,FALSE,a
gold,top,a,107,FALSE,a
top,step,a,107,FALSE,a
red,crayon,a,107,FALSE,a
yellow,hair,a,107,FALSE,a
silky,spider,a,107,FALSE,a
slippery,balloon,a,107,FALSE,a
orange,foot,a,107,FALSE,an
purple,goldfish,a,107,FALSE,a
purple,shoe,a,107,FALSE,a
juicy,finger,a,108,FALSE,a
hot,stove,a,108,FALSE,a
sweaty,foot,a,108,FALSE,a
green,elbow,an,108,FALSE,a
wet,ball,a,108,FALSE,a
wooden,train,a,108,FALSE,a
yellow,balloon,a,108,FALSE,a
dirty,kitchen,a,108,FALSE,a
solid,line,a,108,FALSE,a
pink,muffin,a,108,FALSE,a
bottom,pajama,a,109,FALSE,a
yellow,handle,a,109,FALSE,a
soaking,shirt,a,109,FALSE,a
bright,animal,an,109,FALSE,a
flat,ball,a,109,FALSE,a
green,pocket,a,109,FALSE,a
concrete,flower,a,109,FALSE,a
plastic,train,a,109,FALSE,a
dirty,bottle,a,109,FALSE,a
wet,underwear,NA,109,TRUE,NA
green,frosting,NA,110,TRUE,NA
slippery,sock,a,110,FALSE,a
orange,mustache,a,110,FALSE,an
orange,cracker,a,110,FALSE,an
red,knob,a,110,FALSE,a
gold,dragon,a,110,FALSE,a
green,coat,a,110,FALSE,a
naked,child,a,110,FALSE,a
wet,boy,a,110,FALSE,a
red,cup,a,110,FALSE,a
cursive,letter,a,111,FALSE,a
red,child,a,111,FALSE,a
thick,walrus,a,111,FALSE,a
giant,leg,a,111,FALSE,a
red,shoe,a,111,FALSE,a
flat,nose,a,111,FALSE,a
yellow,necklace,a,111,FALSE,a
yellow,tunnel,a,111,FALSE,a
sweaty,cover,a,111,FALSE,a
purple,car,a,111,FALSE,a
orange,paint,NA,112,TRUE,NA
orange,stem,a,112,FALSE,an
green,road,a,112,FALSE,a
giant,worm,a,112,FALSE,a
red,bait,a,112,FALSE,a
green,star,a,112,FALSE,a
plastic,kitchen,a,112,FALSE,a
red,kitchen,a,112,FALSE,a
hot,mud,NA,112,TRUE,NA
yellow,water,NA,112,TRUE,NA
red,cow,a,113,FALSE,a
yellow,ribbon,a,113,FALSE,a
yellow,tape,NA,113,TRUE,NA
orange,milk,NA,113,TRUE,NA
flat,tire,a,113,FALSE,a
pink,pig,a,113,FALSE,a
green,land,a,113,FALSE,a
wooden,kitchen,a,113,FALSE,a
dark,green,a,113,FALSE,a
outside,honey,NA,113,TRUE,NA
pink,slipper,a,114,FALSE,a
yellow,cup,a,114,FALSE,a
purple,pear,a,114,FALSE,a
green,wing,a,114,FALSE,a
hot,coal,NA,114,TRUE,NA
wet,earth,NA,114,TRUE,NA
yellow,book,a,114,FALSE,a
red,controller,a,114,FALSE,a
bright,sky,a,114,FALSE,a
soapy,chair,a,114,FALSE,a
orange,leaf,a,115,FALSE,an
dirty,shoe,a,115,FALSE,a
pink,boot,a,115,FALSE,a
square,hole,a,115,FALSE,a
pink,piano,a,115,FALSE,a
bright,edge,an,115,FALSE,a
red,hair,a,115,FALSE,a
yellow,sheep,a,115,FALSE,a
pink,hippo,a,115,FALSE,a
orange,dress,a,115,FALSE,an
pink,cake,a,116,FALSE,a
fat,squirrel,a,116,FALSE,a
wet,mail,NA,116,TRUE,NA
gold,card,a,116,FALSE,a
red,scissor,a,116,FALSE,a
fat,boy,a,116,FALSE,a
hot,bus,a,116,FALSE,a
red,top,a,116,FALSE,a
green,thumb,a,116,FALSE,a
orange,sword,a,116,FALSE,an
orange,dolphin,a,117,FALSE,an
green,flag,a,117,FALSE,a
slippery,slide,a,117,FALSE,a
yellow,wing,a,117,FALSE,a
marine,tank,a,117,FALSE,a
pink,block,a,117,FALSE,a
green,cup,a,117,FALSE,a
orange,block,a,117,FALSE,an
hot,pan,a,117,FALSE,a
red,towel,a,117,FALSE,a
pink,elephant,an,118,FALSE,a
yellow,hat,a,118,FALSE,a
yellow,pizza,a,118,FALSE,a
red,elephant,an,118,FALSE,a
yellow,bubble,a,118,FALSE,a
pink,bear,a,118,FALSE,a
hot,sundae,a,118,FALSE,a
sunburned,baby,a,118,FALSE,a
slippery,water,NA,118,TRUE,NA
thick,rope,a,118,FALSE,a
pink,coat,a,119,FALSE,a
wet,mud,NA,119,TRUE,NA
dirty,truck,a,119,FALSE,a
purple,match,a,119,FALSE,a
wet,wolf,a,119,FALSE,a
green,bridge,a,119,FALSE,a
orange,tube,a,119,FALSE,an
sunny,brother,a,119,FALSE,a
wooden,knife,a,119,FALSE,a
green,bed,a,119,FALSE,a
furry,tail,a,120,FALSE,a
pink,ribbon,a,120,FALSE,a
orange,puppy,a,120,FALSE,an
red,diamond,a,120,FALSE,a
rainy,picture,a,120,FALSE,a
orange,cup,a,120,FALSE,an
flat,grass,NA,120,TRUE,NA
dirty,guy,a,120,FALSE,a
orange,floor,a,120,FALSE,an
pink,lip,a,120,FALSE,a
pink,glass,NA,121,TRUE,NA
colored,block,a,121,FALSE,a
yellow,cab,a,121,FALSE,a
yellow,sun,a,121,FALSE,a
purple,earring,an,121,FALSE,a
giant,pirate,a,121,FALSE,a
brown,bed,a,121,FALSE,a
spiky,fish,a,121,FALSE,a
yellow,egg,an,121,FALSE,a
dirty,basket,a,121,FALSE,a
dirty,elephant,an,122,FALSE,a
light,ribbon,a,122,FALSE,a
furry,puppy,a,122,FALSE,a
green,car,a,122,FALSE,a
green,knight,a,122,FALSE,a
purple,duck,a,122,FALSE,a
pink,jewelry,NA,122,TRUE,NA
brown,train,a,122,FALSE,a
pink,blanket,a,122,FALSE,a
square,pan,a,122,FALSE,a
muddy,guy,a,123,FALSE,a
silky,fence,a,123,FALSE,a
dirty,hallway,a,123,FALSE,a
orange,hair,a,123,FALSE,an
plastic,track,a,123,FALSE,a
orange,head,a,123,FALSE,an
hot,broccoli,NA,123,TRUE,NA
purple,wing,a,123,FALSE,a
brown,bag,a,123,FALSE,a
orange,hamster,a,123,FALSE,an
oval,plate,a,124,FALSE,an
hot,pad,a,124,FALSE,a
red,page,a,124,FALSE,a
red,sky,a,124,FALSE,a
red,rod,a,124,FALSE,a
green,dragon,a,124,FALSE,a
oval,square,a,124,FALSE,an
green,tummy,a,124,FALSE,a
dirty,tractor,a,124,FALSE,a
pink,skirt,a,124,FALSE,a
muddy,mud,NA,125,TRUE,NA
purple,color,a,125,FALSE,a
red,fruit,NA,125,TRUE,NA
pink,rake,a,125,FALSE,a
dirty,station,a,125,FALSE,a
yellow,bus,a,125,FALSE,a
yellow,bucket,a,125,FALSE,a
green,octopus,an,125,FALSE,a
wet,baby,a,125,FALSE,a
hot,fire,a,125,FALSE,a
hot,rain,NA,126,TRUE,NA
red,drawer,a,126,FALSE,a
orange,rain,NA,126,TRUE,NA
crispy,worm,a,126,FALSE,a
green,door,a,126,FALSE,a
female,alligator,an,126,FALSE,a
orange,necklace,a,126,FALSE,an
green,chip,a,126,FALSE,a
thick,baby,a,126,FALSE,a
yellow,triangle,a,126,FALSE,a
sunny,curtain,a,127,FALSE,a
red,water,NA,127,TRUE,NA
hot,grill,a,127,FALSE,a
orange,sugar,NA,127,TRUE,NA
yellow,dog,a,127,FALSE,a
green,cantaloupe,a,127,FALSE,a
yellow,train,a,127,FALSE,a
orange,fish,a,127,FALSE,an
yellow,track,a,127,FALSE,a
green,melon,a,127,FALSE,a
dirty,shirt,a,128,FALSE,a
orange,stripe,a,128,FALSE,an
ivory,tooth,a,128,FALSE,an
hot,candle,a,128,FALSE,a
green,triangle,a,128,FALSE,a
purple,snake,a,128,FALSE,a
solid,body,a,128,FALSE,a
orange,crayon,a,128,FALSE,an
purple,mouse,a,128,FALSE,a
purple,door,a,128,FALSE,a
dirty,head,a,129,FALSE,a
dirty,tissue,a,129,FALSE,a
brown,oatmeal,NA,129,TRUE,NA
thick,page,a,129,FALSE,a
puffy,tree,a,129,FALSE,a
sweet,butter,a,129,FALSE,a
pink,finger,a,129,FALSE,a
dirty,foot,a,129,FALSE,a
red,bike,a,129,FALSE,a
yellow,mouth,a,129,FALSE,a
purple,ketchup,NA,130,TRUE,NA
orange,carpet,a,130,FALSE,an
giant,juice,NA,130,TRUE,NA
upstairs,book,a,130,FALSE,an
hot,tub,a,130,FALSE,a
green,paint,NA,130,TRUE,NA
wet,honey,NA,130,TRUE,NA
round,dinosaur,a,130,FALSE,a
yellow,stripe,a,130,FALSE,a
red,tricycle,a,130,FALSE,a
thick,noodle,a,131,FALSE,a
pink,bottle,a,131,FALSE,a
red,neck,a,131,FALSE,a
wet,shorts,NA,131,TRUE,NA
colored,triangle,a,131,FALSE,a
fuzzy,sofa,a,131,FALSE,a
dark,forest,a,131,FALSE,a
red,reindeer,a,131,FALSE,a
green,pine,a,131,FALSE,a
red,carpet,a,131,FALSE,a
colored,paper,a,132,FALSE,a
red,triangle,a,132,FALSE,a
pink,peg,a,132,FALSE,a
green,cap,a,132,FALSE,a
dirty,ear,an,132,FALSE,a
yellow,chair,a,132,FALSE,a
thick,oil,NA,132,TRUE,NA
green,vacuum,a,132,FALSE,a
red,bug,a,132,FALSE,a
hot,nugget,a,132,FALSE,a
yellow,lemon,a,133,FALSE,a
green,goose,a,133,FALSE,a
wooden,shoe,a,133,FALSE,a
grey,cloud,a,133,FALSE,a
gold,bean,a,133,FALSE,a
purple,pepperoni,NA,133,TRUE,NA
hot,grease,NA,133,TRUE,NA
purple,night,a,133,FALSE,a
rubber,shoe,a,133,FALSE,a
furry,head,a,133,FALSE,a
wooden,sword,a,134,FALSE,a
yellow,coral,NA,134,TRUE,NA
red,airplane,an,134,FALSE,a
orange,chalk,NA,134,TRUE,NA
red,boat,a,134,FALSE,a
red,tower,a,134,FALSE,a
dirty,cook,a,134,FALSE,a
orange,glass,NA,134,TRUE,NA
yellow,floor,a,134,FALSE,a
curly,tail,a,134,FALSE,a
dead,bone,a,135,FALSE,a
orange,tiger,a,135,FALSE,an
yellow,card,a,135,FALSE,a
stormy,day,a,135,FALSE,a
green,telephone,a,135,FALSE,a
green,shoe,a,135,FALSE,a
bright,moonlight,NA,135,TRUE,NA
red,bridge,a,135,FALSE,a
giant,cat,a,135,FALSE,a
hot,oven,an,135,FALSE,a
yellow,cupcake,a,136,FALSE,a
hot,tea,NA,136,TRUE,NA
slippery,leg,a,136,FALSE,a
pink,ear,an,136,FALSE,a
giant,book,a,136,FALSE,a
green,sock,a,136,FALSE,a
red,pillow,a,136,FALSE,a
flat,cup,a,136,FALSE,a
wooden,hand,a,136,FALSE,a
red,grain,NA,136,TRUE,NA
light,guy,a,137,FALSE,a
naked,phone,a,137,FALSE,a
wooden,spoon,a,137,FALSE,a
orange,leg,a,137,FALSE,an
rubber,duck,a,137,FALSE,a
blonde,lady,a,137,FALSE,a
orange,handle,a,137,FALSE,an
brown,light,a,137,FALSE,a
underground,stream,a,137,FALSE,an
dark,cave,a,137,FALSE,a
yellow,ring,a,138,FALSE,a
furry,kiss,a,138,FALSE,a
green,cheese,NA,138,TRUE,NA
green,leave,a,138,FALSE,a
yellow,head,a,138,FALSE,a
brown,dot,a,138,FALSE,a
thick,worm,a,138,FALSE,a
red,panda,a,138,FALSE,a
green,field,a,138,FALSE,a
denim,jacket,a,138,FALSE,a
green,candle,a,139,FALSE,a
yellow,arrow,an,139,FALSE,a
flat,tree,a,139,FALSE,a
adult,game,a,139,FALSE,an
colored,glue,NA,139,TRUE,NA
purple,basket,a,139,FALSE,a
yellow,parrot,a,139,FALSE,a
pink,eye,an,139,FALSE,a
red,goldfish,a,139,FALSE,a
purple,snail,a,139,FALSE,a
green,pot,a,140,FALSE,a
hot,cereal,NA,140,TRUE,NA
pink,card,a,140,FALSE,a
pink,sandal,a,140,FALSE,a
soapy,day,a,140,FALSE,a
slippery,soap,NA,140,TRUE,NA
brown,monkey,a,140,FALSE,a
dark,basement,a,140,FALSE,a
wet,hand,a,140,FALSE,a
yellow,cow,a,140,FALSE,a
furry,fur,NA,141,TRUE,NA
fuzzy,ear,an,141,FALSE,a
dark,horse,a,141,FALSE,a
red,chicken,a,141,FALSE,a
fat,spider,a,141,FALSE,a
red,lunch,a,141,FALSE,a
red,swing,a,141,FALSE,a
hot,plastic,NA,141,TRUE,NA
orange,frosting,NA,141,TRUE,NA
red,chip,a,141,FALSE,a
purple,tree,a,142,FALSE,a
red,branch,a,142,FALSE,a
red,blood,NA,142,TRUE,NA
watery,eye,an,142,FALSE,a
green,lawn,a,142,FALSE,a
brown,milk,NA,142,TRUE,NA
yellow,feather,a,142,FALSE,a
purple,stage,a,142,FALSE,a
flat,book,a,142,FALSE,a
green,sun,a,142,FALSE,a
round,gift,a,143,FALSE,a
square,eye,an,143,FALSE,a
brown,belt,a,143,FALSE,a
dirty,boy,a,143,FALSE,a
dark,bear,a,143,FALSE,a
giant,lid,a,143,FALSE,a
dark,rock,a,143,FALSE,a
rocky,truck,a,143,FALSE,a
green,stroller,a,143,FALSE,a
purple,train,a,143,FALSE,a
orange,guy,a,144,FALSE,an
yellow,wagon,a,144,FALSE,a
flat,stitch,a,144,FALSE,a
wet,crust,NA,144,TRUE,NA
wet,battery,a,144,FALSE,a
blond,horse,a,144,FALSE,a
plastic,taste,a,144,FALSE,a
fuzzy,hair,a,144,FALSE,a
hot,peach,a,144,FALSE,a
brown,path,a,144,FALSE,a
dark,hen,a,145,FALSE,a
pink,soap,NA,145,TRUE,NA
yellow,bin,a,145,FALSE,a
pink,spoon,a,145,FALSE,a
purple,dot,a,145,FALSE,a
round,roll,a,145,FALSE,a
sweet,cocoa,NA,145,TRUE,NA
thick,sandwich,a,145,FALSE,a
orange,triangle,a,145,FALSE,an
red,lobster,a,145,FALSE,a
yellow,boy,a,146,FALSE,a
purple,hand,a,146,FALSE,a
gold,tree,a,146,FALSE,a
round,glass,NA,146,TRUE,NA
red,hexagon,a,146,FALSE,a
dirty,wash,a,146,FALSE,a
hot,bean,a,146,FALSE,a
dirty,table,a,146,FALSE,a
green,gum,a,146,FALSE,a
soapy,milk,NA,146,TRUE,NA
buttered,toast,NA,147,TRUE,NA
starry,night,a,147,FALSE,a
purple,scissor,a,147,FALSE,a
red,potato,a,147,FALSE,a
dark,tunnel,a,147,FALSE,a
brown,aspen,an,147,FALSE,a
wooden,floor,a,147,FALSE,a
red,arm,an,147,FALSE,a
yellow,pie,a,147,FALSE,a
green,stripe,a,147,FALSE,a
light,night,a,148,FALSE,a
yellow,shell,a,148,FALSE,a
brown,penny,a,148,FALSE,a
cloudy,day,a,148,FALSE,a
bright,night,a,148,FALSE,a
red,wood,NA,148,TRUE,NA
purple,ear,an,148,FALSE,a
red,bin,a,148,FALSE,a
slippery,curtain,a,148,FALSE,a
red,wagon,a,148,FALSE,a
yellow,banana,a,149,FALSE,a
purple,footprint,a,149,FALSE,a
pink,tummy,a,149,FALSE,a
ivory,cow,a,149,FALSE,an
silver,grey,NA,149,TRUE,NA
purple,onion,an,149,FALSE,a
green,leaf,a,149,FALSE,a
grey,mouse,a,149,FALSE,a
light,color,a,149,FALSE,a
purple,wind,a,149,FALSE,a
red,circle,a,150,FALSE,a
green,eye,an,150,FALSE,a
sweaty,sock,a,150,FALSE,a
hot,slide,a,150,FALSE,a
dirty,cup,a,150,FALSE,a
silver,hat,a,150,FALSE,a
fuzzy,bed,a,150,FALSE,a
yellow,tail,a,150,FALSE,a
orange,hand,a,150,FALSE,an
red,boy,a,150,FALSE,a
red,pancake,a,151,FALSE,a
wet,rug,a,151,FALSE,a
brown,cat,a,151,FALSE,a
red,drink,a,151,FALSE,a
orange,suit,a,151,FALSE,an
yellow,blanket,a,151,FALSE,a
yellow,ball,a,151,FALSE,a
brown,ant,an,151,FALSE,a
giant,truck,a,151,FALSE,a
red,suit,a,151,FALSE,a
orange,plate,a,152,FALSE,an
silver,nose,a,152,FALSE,a
purple,raindrop,a,152,FALSE,a
red,bus,a,152,FALSE,a
orange,square,a,152,FALSE,an
green,frog,a,152,FALSE,a
orange,bead,a,152,FALSE,an
green,oatmeal,NA,152,TRUE,NA
red,dot,a,152,FALSE,a
yellow,horn,a,152,FALSE,a
purple,top,a,153,FALSE,a
purple,card,a,153,FALSE,a
orange,baby,a,153,FALSE,an
yellow,guy,a,153,FALSE,a
hot,tree,a,153,FALSE,a
red,mat,a,153,FALSE,a
red,pea,a,153,FALSE,a
light,jacket,a,153,FALSE,a
blind,mommy,a,153,FALSE,a
tan,car,a,153,FALSE,a
yellow,butterfly,a,154,FALSE,a
orange,tricycle,a,154,FALSE,an
yellow,star,a,154,FALSE,a
pink,princess,a,154,FALSE,a
downtown,street,a,154,FALSE,a
hot,dough,NA,154,TRUE,NA
red,box,a,154,FALSE,a
brown,bird,a,154,FALSE,a
pink,tulip,a,154,FALSE,a
red,nest,a,154,FALSE,a
light,truck,a,155,FALSE,a
green,sandal,a,155,FALSE,a
teal,color,a,155,FALSE,a
pink,triangle,a,155,FALSE,a
dirty,hose,a,155,FALSE,a
round,page,a,155,FALSE,a
wet,suit,a,155,FALSE,a
rocky,rock,a,155,FALSE,a
light,movie,a,155,FALSE,a
brown,duck,a,155,FALSE,a
hardboiled,egg,an,156,FALSE,a
gold,map,a,156,FALSE,a
purple,paint,NA,156,TRUE,NA
silver,bell,a,156,FALSE,a
orange,ark,an,156,FALSE,an
wooden,book,a,156,FALSE,a
green,sheep,a,156,FALSE,a
brown,sheep,a,156,FALSE,a
dirty,banana,a,156,FALSE,a
red,jam,NA,156,TRUE,NA
wooden,hammer,a,157,FALSE,a
green,balloon,a,157,FALSE,a
brown,beard,a,157,FALSE,a
wet,chest,a,157,FALSE,a
fuzzy,tail,a,157,FALSE,a
purple,paper,a,157,FALSE,a
green,parachute,a,157,FALSE,a
bright,paper,a,157,FALSE,a
pink,circle,a,157,FALSE,a
red,clock,a,157,FALSE,a
dirty,crayon,a,158,FALSE,a
yellow,lizard,a,158,FALSE,a
green,tooth,a,158,FALSE,a
yellow,truck,a,158,FALSE,a
red,honey,NA,158,TRUE,NA
dark,couple,a,158,FALSE,a
orange,color,a,158,FALSE,an
wet,lady,a,158,FALSE,a
green,candy,NA,158,TRUE,NA
hot,oil,NA,158,TRUE,NA
green,hoop,a,159,FALSE,a
chief,dog,a,159,FALSE,a
red,hat,a,159,FALSE,a
red,onion,an,159,FALSE,a
pink,peach,a,159,FALSE,a
dirty,diaper,a,159,FALSE,a
blond,guy,a,159,FALSE,a
silver,car,a,159,FALSE,a
orange,kitty,a,159,FALSE,an
red,seat,a,159,FALSE,a
brown,circle,a,160,FALSE,a
pink,floor,a,160,FALSE,a
pink,paint,NA,160,TRUE,NA
crispy,bagel,a,160,FALSE,a
light,floor,a,160,FALSE,a
pink,dragon,a,160,FALSE,a
giant,shoe,a,160,FALSE,a
yellow,bag,a,160,FALSE,a
oval,picture,a,160,FALSE,an
purple,pentagon,a,160,FALSE,a
red,bag,a,161,FALSE,a
hot,circle,a,161,FALSE,a
wet,rain,NA,161,TRUE,NA
red,table,a,161,FALSE,a
colored,light,a,161,FALSE,a
naked,foot,a,161,FALSE,a
green,cat,a,161,FALSE,a
sunny,cloud,a,161,FALSE,a
orange,flag,a,161,FALSE,an
dark,letter,a,161,FALSE,a
yellow,horse,a,162,FALSE,a
hot,fan,a,162,FALSE,a
dirty,park,a,162,FALSE,a
red,flag,a,162,FALSE,a
orange,key,a,162,FALSE,an
hot,pool,a,162,FALSE,a
giant,building,a,162,FALSE,a
muddy,ground,NA,162,TRUE,NA
red,butterfly,a,162,FALSE,a
red,pot,a,162,FALSE,a
green,train,a,163,FALSE,a
fat,bacon,NA,163,TRUE,NA
green,tie,a,163,FALSE,a
red,bone,a,163,FALSE,a
yellow,queen,a,163,FALSE,a
red,cap,a,163,FALSE,a
hot,cactus,a,163,FALSE,a
sunny,road,a,163,FALSE,a
raspberry,yogurt,NA,163,TRUE,NA
green,finger,a,163,FALSE,a
red,nose,a,164,FALSE,a
pink,boat,a,164,FALSE,a
green,ball,a,164,FALSE,a
blonde,guy,a,164,FALSE,a
red,mark,a,164,FALSE,a
rainy,day,a,164,FALSE,a
giant,kitty,a,164,FALSE,a
orange,dog,a,164,FALSE,an
brown,leaf,a,164,FALSE,a
sweet,girl,a,164,FALSE,a
purple,frog,a,165,FALSE,a
bright,site,a,165,FALSE,a
yellow,diamond,a,165,FALSE,a
purple,turtle,a,165,FALSE,a
sweet,peach,a,165,FALSE,a
purple,garage,a,165,FALSE,a
pink,purse,a,165,FALSE,a
fuzzy,light,a,165,FALSE,a
bright,fruit,NA,165,TRUE,NA
orange,carrot,a,165,FALSE,an
yellow,piece,a,166,FALSE,a
orange,tea,NA,166,TRUE,NA
yellow,cement,NA,166,TRUE,NA
silver,rocket,a,166,FALSE,a
giant,piece,a,166,FALSE,a
fuzzy,bear,a,166,FALSE,a
red,head,a,166,FALSE,a
green,pipe,a,166,FALSE,a
red,wheel,a,166,FALSE,a
green,swing,a,166,FALSE,a
giant,bean,a,167,FALSE,a
dirty,toe,a,167,FALSE,a
yellow,rain,NA,167,TRUE,NA
grey,piece,a,167,FALSE,a
yellow,bread,NA,167,TRUE,NA
thick,brush,a,167,FALSE,a
sunburned,head,a,167,FALSE,a
green,baby,a,167,FALSE,a
purple,king,a,167,FALSE,a
hot,marshmallow,a,167,FALSE,a
orange,kitten,a,168,FALSE,an
dead,bug,a,168,FALSE,a
flat,surface,a,168,FALSE,a
brown,spot,a,168,FALSE,a
purple,nose,a,168,FALSE,a
wet,car,a,168,FALSE,a
dead,wife,a,168,FALSE,a
sweet,home,a,168,FALSE,a
wet,book,a,168,FALSE,a
dirty,town,a,168,FALSE,a
grey,snow,NA,169,TRUE,NA
yellow,leaf,a,169,FALSE,a
chalky,hand,a,169,FALSE,a
wet,kiss,a,169,FALSE,a
hot,meatball,a,169,FALSE,a
brown,hall,a,169,FALSE,a
yellow,fish,a,169,FALSE,a
wet,rake,a,169,FALSE,a
hot,celery,a,169,FALSE,a
rose,bush,a,169,FALSE,a
giant,town,a,170,FALSE,a
colored,box,a,170,FALSE,a
red,grocery,a,170,FALSE,a
fat,foot,a,170,FALSE,a
plastic,table,a,170,FALSE,a
brown,floor,a,170,FALSE,a
purple,block,a,170,FALSE,a
thick,cheese,NA,170,TRUE,NA
dirty,swing,a,170,FALSE,a
hot,ground,NA,170,TRUE,NA
green,blanket,a,171,FALSE,a
outside,baby,a,171,FALSE,an
dirty,sand,NA,171,TRUE,NA
green,horse,a,171,FALSE,a
red,couch,a,171,FALSE,a
green,truck,a,171,FALSE,a
silver,ring,a,171,FALSE,a
yellow,dinosaur,a,171,FALSE,a
red,hamster,a,171,FALSE,a
dead,flower,a,171,FALSE,a
wet,ride,a,172,FALSE,a
brown,mountain,a,172,FALSE,a
muddy,grass,NA,172,TRUE,NA
orange,shovel,a,172,FALSE,an
yellow,mountain,a,172,FALSE,a
fat,pig,a,172,FALSE,a
pink,mouth,a,172,FALSE,a
green,crayon,a,172,FALSE,a
hot,strawberry,a,172,FALSE,a
flat,board,a,172,FALSE,a
brown,hair,a,173,FALSE,a
brown,hip,a,173,FALSE,a
purple,letter,a,173,FALSE,a
pink,board,a,173,FALSE,a
grassy,field,a,173,FALSE,a
yellow,arm,an,173,FALSE,a
yellow,block,a,173,FALSE,a
flat,ear,an,173,FALSE,a
hot,rice,NA,173,TRUE,NA
dirty,hair,a,173,FALSE,a
green,noodle,a,174,FALSE,a
orange,dot,a,174,FALSE,an
yellow,wheel,a,174,FALSE,a
wooden,popsicle,a,174,FALSE,a
military,person,a,174,FALSE,a
pink,cast,a,174,FALSE,a
flat,table,a,174,FALSE,a
pink,frog,a,174,FALSE,a
yellow,box,a,174,FALSE,a
hot,body,a,174,FALSE,a
slippery,table,a,175,FALSE,a
giant,caterpillar,a,175,FALSE,a
slippery,grass,NA,175,TRUE,NA
wooden,fireman,a,175,FALSE,a
yellow,bed,a,175,FALSE,a
brown,beach,a,175,FALSE,a
wet,slide,a,175,FALSE,a
green,bead,a,175,FALSE,a
green,cake,a,175,FALSE,a
dark,smoke,NA,175,TRUE,NA
pink,chocolate,NA,176,TRUE,NA
purple,ark,an,176,FALSE,a
red,ant,an,176,FALSE,a
red,map,a,176,FALSE,a
teal,wedding,a,176,FALSE,a
yellow,chalk,NA,176,TRUE,NA
red,border,a,176,FALSE,a
fuzzy,home,a,176,FALSE,a
juicy,pineapple,a,176,FALSE,a
orange,truck,a,176,FALSE,an
red,knight,a,177,FALSE,a
female,crab,a,177,FALSE,a
furry,gorilla,a,177,FALSE,a
yellow,gate,a,177,FALSE,a
thick,head,a,177,FALSE,a
pink,cheek,a,177,FALSE,a
gold,guy,a,177,FALSE,a
wet,duck,a,177,FALSE,a
pink,flamingo,a,177,FALSE,a
purple,button,a,177,FALSE,a
brown,fur,NA,178,TRUE,NA
hot,pickle,a,178,FALSE,a
hairy,spider,a,178,FALSE,a
purple,spider,a,178,FALSE,a
giant,boy,a,178,FALSE,a
dirty,hamper,a,178,FALSE,a
rubber,foot,a,178,FALSE,a
grey,color,a,178,FALSE,a
wet,glue,NA,178,TRUE,NA
red,robin,a,178,FALSE,a
thick,chocolate,NA,179,TRUE,NA
yellow,sand,NA,179,TRUE,NA
thick,camel,a,179,FALSE,a
green,page,a,179,FALSE,a
pink,turtle,a,179,FALSE,a
green,plant,a,179,FALSE,a
wet,leaf,a,179,FALSE,a
pink,piece,a,179,FALSE,a
dark,pig,a,179,FALSE,a
hot,ice,NA,179,TRUE,NA
slippery,shower,a,180,FALSE,a
dark,hair,a,180,FALSE,a
dead,fly,a,180,FALSE,a
silver,penny,a,180,FALSE,a
wet,top,a,180,FALSE,a
icy,mountain,a,180,FALSE,an
red,counter,a,180,FALSE,a
red,parrot,a,180,FALSE,a
red,guy,a,180,FALSE,a
purple,square,a,180,FALSE,a
red,whale,a,181,FALSE,a
light,crayon,a,181,FALSE,a
green,vegetable,a,181,FALSE,a
furry,duck,a,181,FALSE,a
orange,food,NA,181,TRUE,NA
spiky,tail,a,181,FALSE,a
hot,lunch,a,181,FALSE,a
green,pillow,a,181,FALSE,a
yellow,chicken,a,181,FALSE,a
pink,rabbit,a,181,FALSE,a
limp,sand,NA,182,TRUE,NA
round,hat,a,182,FALSE,a
hot,beer,a,182,FALSE,a
slippery,hand,a,182,FALSE,a
giant,mess,a,182,FALSE,a
giant,food,NA,182,TRUE,NA
red,juice,NA,182,TRUE,NA
red,fence,a,182,FALSE,a
dirty,finger,a,182,FALSE,a
hairy,arm,an,182,FALSE,a
green,cinnamon,NA,183,TRUE,NA
purple,juice,NA,183,TRUE,NA
furry,bear,a,183,FALSE,a
purple,plant,a,183,FALSE,a
red,duck,a,183,FALSE,a
wet,curtain,a,183,FALSE,a
wet,finger,a,183,FALSE,a
dark,leg,a,183,FALSE,a
sweet,marshmallow,a,183,FALSE,a
round,bird,a,183,FALSE,a
dirty,car,a,184,FALSE,a
silver,bean,a,184,FALSE,a
wet,pee,NA,184,TRUE,NA
dirty,suit,a,184,FALSE,a
dead,wire,a,184,FALSE,a
hot,water,NA,184,TRUE,NA
purple,horn,a,184,FALSE,a
wet,bird,a,184,FALSE,a
pink,head,a,184,FALSE,a
red,girl,a,184,FALSE,a
hot,person,a,185,FALSE,a
pink,bubble,a,185,FALSE,a
yellow,sky,a,185,FALSE,a
red,machine,a,185,FALSE,a
hot,tent,a,185,FALSE,a
hot,coffee,NA,185,TRUE,NA
yellow,boot,a,185,FALSE,a
brown,table,a,185,FALSE,a
yellow,hose,a,185,FALSE,a
brown,tail,a,185,FALSE,a
moist,bedding,NA,186,TRUE,NA
bright,window,a,186,FALSE,a
purple,girl,a,186,FALSE,a
red,train,a,186,FALSE,a
red,leave,a,186,FALSE,a
giant,clay,NA,186,TRUE,NA
orange,ball,a,186,FALSE,an
green,fire,a,186,FALSE,a
orange,flower,a,186,FALSE,an
stationary,bike,a,186,FALSE,a
orange,banana,a,187,FALSE,an
yellow,bowl,a,187,FALSE,a
dirty,mouse,a,187,FALSE,a
pink,square,a,187,FALSE,a
yellow,moon,a,187,FALSE,a
red,strawberry,a,187,FALSE,a
round,beetle,a,187,FALSE,a
green,boat,a,187,FALSE,a
wet,diaper,a,187,FALSE,a
yellow,nose,a,187,FALSE,a
pink,scooter,a,188,FALSE,a
plastic,bear,a,188,FALSE,a
orange,bucket,a,188,FALSE,an
red,track,a,188,FALSE,a
bright,tomato,a,188,FALSE,a
green,shirt,a,188,FALSE,a
sweet,potato,a,188,FALSE,a
yellow,mustache,a,188,FALSE,a
grey,label,a,188,FALSE,a
orange,bowl,a,188,FALSE,an
giant,puzzle,a,189,FALSE,a
dirty,mama,a,189,FALSE,a
dirty,plate,a,189,FALSE,a
wet,chimney,a,189,FALSE,a
hot,guy,a,189,FALSE,a
pink,cart,a,189,FALSE,a
furry,arm,an,189,FALSE,a
brown,mud,NA,189,TRUE,NA
upstairs,snack,a,189,FALSE,an
yellow,dot,a,189,FALSE,a
green,dish,a,190,FALSE,a
purple,chalk,NA,190,TRUE,NA
slim,tunnel,a,190,FALSE,a
sunny,walk,a,190,FALSE,a
green,popsicle,a,190,FALSE,a
silky,body,a,190,FALSE,a
slippery,honey,NA,190,TRUE,NA
green,moon,a,190,FALSE,a
round,egg,an,190,FALSE,a
wet,barrette,a,190,FALSE,a
red,lip,a,191,FALSE,a
silky,blanket,a,191,FALSE,a
soapy,floor,a,191,FALSE,a
thick,branch,a,191,FALSE,a
sandy,pocket,a,191,FALSE,a
wooden,leg,a,191,FALSE,a
purple,bear,a,191,FALSE,a
purple,dinosaur,a,191,FALSE,a
orange,bag,a,191,FALSE,an
brown,closet,a,191,FALSE,a
giant,movie,a,192,FALSE,a
rubber,chicken,a,192,FALSE,a
red,bite,a,192,FALSE,a
grey,hair,a,192,FALSE,a
olive,oil,NA,192,TRUE,NA
blind,mom,a,192,FALSE,a
orange,pear,a,192,FALSE,an
concrete,feather,a,192,FALSE,a
purple,pillow,a,192,FALSE,a
dirty,straw,a,192,FALSE,a
hot,towel,a,193,FALSE,a
cloudy,window,a,193,FALSE,a
green,snake,a,193,FALSE,a
red,frog,a,193,FALSE,a
yellow,bee,a,193,FALSE,a
orange,table,a,193,FALSE,an
blond,hair,a,193,FALSE,a
dead,worm,a,193,FALSE,a
purple,finger,a,193,FALSE,a
naked,doll,a,193,FALSE,a
giant,potato,a,194,FALSE,a
oval,egg,an,194,FALSE,an
colored,pencil,a,194,FALSE,a
green,earth,NA,194,TRUE,NA
red,lego,a,194,FALSE,a
green,dot,a,194,FALSE,a
red,butt,a,194,FALSE,a
hot,bike,a,194,FALSE,a
green,bean,a,194,FALSE,a
orange,cereal,NA,194,TRUE,NA
green,button,a,195,FALSE,a
red,handle,a,195,FALSE,a
green,picture,a,195,FALSE,a
plastic,lunch,a,195,FALSE,a
rusty,garage,a,195,FALSE,a
flat,pad,a,195,FALSE,a
thick,mud,NA,195,TRUE,NA
giant,baby,a,195,FALSE,a
green,card,a,195,FALSE,a
red,tree,a,195,FALSE,a
sandy,apricot,an,196,FALSE,a
sandy,sheep,a,196,FALSE,a
back,stair,a,196,FALSE,a
green,park,a,196,FALSE,a
dirty,blanket,a,196,FALSE,a
yellow,knight,a,196,FALSE,a
purple,shirt,a,196,FALSE,a
plastic,bottle,a,196,FALSE,a
round,moon,a,196,FALSE,a
red,cookie,a,196,FALSE,a
red,telephone,a,197,FALSE,a
rubber,band,a,197,FALSE,a
dirty,dish,a,197,FALSE,a
wooden,animal,an,197,FALSE,a
dirty,sleeve,a,197,FALSE,a
green,grape,a,197,FALSE,a
hot,cup,a,197,FALSE,a
wooden,coat,a,197,FALSE,a
orange,grape,a,197,FALSE,an
purple,book,a,197,FALSE,a
hot,shirt,a,198,FALSE,a
slippery,bug,a,198,FALSE,a
crispy,piece,a,198,FALSE,a
red,yoyo,a,198,FALSE,a
pink,door,a,198,FALSE,a
red,bird,a,198,FALSE,a
purple,cat,a,198,FALSE,a
green,stool,a,198,FALSE,a
thick,leave,a,198,FALSE,a
hot,window,a,198,FALSE,a
green,bus,a,199,FALSE,a
yellow,shelf,a,199,FALSE,a
dark,color,a,199,FALSE,a
dirty,leave,a,199,FALSE,a
dark,board,a,199,FALSE,a
purple,house,a,199,FALSE,a
purple,gas,NA,199,TRUE,NA
upstairs,coffee,NA,199,TRUE,NA
brown,chair,a,199,FALSE,a
gold,coin,a,199,FALSE,a
hot,chicken,NA,200,TRUE,NA
pink,car,a,200,FALSE,a
brown,strawberry,a,200,FALSE,a
brown,mustache,a,200,FALSE,a
dirty,dump,a,200,FALSE,a
fat,finger,a,200,FALSE,a
dirty,hand,a,200,FALSE,a
pink,window,a,200,FALSE,a
dark,eye,an,200,FALSE,a
hot,toast,NA,200,TRUE,NA
gold,sky,a,201,FALSE,a
fruit,strawberry,a,201,FALSE,a
pink,rose,a,201,FALSE,a
orange,dish,a,201,FALSE,an
purple,trunk,a,201,FALSE,a
yellow,pen,a,201,FALSE,a
red,roof,a,201,FALSE,a
brown,dog,a,201,FALSE,a
yellow,milk,NA,201,TRUE,NA
red,blanket,a,201,FALSE,a
dirty,dirt,NA,202,TRUE,NA
green,boot,a,202,FALSE,a
dark,sky,a,202,FALSE,a
giant,eye,an,202,FALSE,a
hot,glue,NA,202,TRUE,NA
red,worm,a,202,FALSE,a
purple,necklace,a,202,FALSE,a
orange,person,a,202,FALSE,an
fat,roll,a,202,FALSE,a
red,flour,NA,202,TRUE,NA
green,light,a,203,FALSE,a
yellow,hippo,a,203,FALSE,a
purple,worm,a,203,FALSE,a
orange,shirt,a,203,FALSE,an
silver,cone,a,203,FALSE,a
brown,hill,a,203,FALSE,a
red,string,a,203,FALSE,a
bottom,drawer,a,203,FALSE,a
yellow,house,a,203,FALSE,a
pink,towel,a,203,FALSE,a
giant,bubble,a,204,FALSE,a
green,guy,a,204,FALSE,a
curly,string,a,204,FALSE,a
wooden,chair,a,204,FALSE,a
purple,bath,a,204,FALSE,a
pink,shirt,a,204,FALSE,a
red,finger,a,204,FALSE,a
green,camera,a,204,FALSE,a
grey,shirt,a,204,FALSE,a
red,apple,an,204,FALSE,a
upstairs,bed,a,205,FALSE,an
red,person,a,205,FALSE,a
green,turtle,a,205,FALSE,a
orange,lip,a,205,FALSE,an
pink,dot,a,205,FALSE,a
green,cookie,a,205,FALSE,a
green,broccoli,NA,205,TRUE,NA
purple,spaghetti,NA,205,TRUE,NA
hot,pizza,a,205,FALSE,a
thick,cub,a,205,FALSE,a
yellow,barrel,a,206,FALSE,a
dirty,girl,a,206,FALSE,a
buttered,broccoli,NA,206,TRUE,NA
purple,lollipop,a,206,FALSE,a
hot,frog,a,206,FALSE,a
pink,cookie,a,206,FALSE,a
bearded,son,a,206,FALSE,a
salty,chip,a,206,FALSE,a
red,grape,a,206,FALSE,a
pink,sticker,a,206,FALSE,a
orange,pepper,a,207,FALSE,an
dead,plant,a,207,FALSE,a
wet,head,a,207,FALSE,a
bright,eye,an,207,FALSE,a
fuzzy,slipper,a,207,FALSE,a
yellow,cat,a,207,FALSE,a
purple,ground,NA,207,TRUE,NA
red,pin,a,207,FALSE,a
giant,lip,a,207,FALSE,a
yellow,beetle,a,207,FALSE,a
muddy,shoe,a,208,FALSE,a
purple,suit,a,208,FALSE,a
orange,wall,a,208,FALSE,an
red,oval,an,208,FALSE,a
thick,paper,a,208,FALSE,a
yellow,door,a,208,FALSE,a
orange,body,a,208,FALSE,an
red,ear,an,208,FALSE,a
orange,cookie,a,208,FALSE,an
red,bush,a,208,FALSE,a
orange,plant,a,209,FALSE,an
plastic,sock,a,209,FALSE,a
purple,boot,a,209,FALSE,a
green,kitty,a,209,FALSE,a
green,bath,a,209,FALSE,a
red,sauce,NA,209,TRUE,NA
green,fall,a,209,FALSE,a
orange,girl,a,209,FALSE,an
brown,leave,a,209,FALSE,a
purple,robe,a,209,FALSE,a
purple,handle,a,210,FALSE,a
red,candy,NA,210,TRUE,NA
giant,pillow,a,210,FALSE,a
yellow,towel,a,210,FALSE,a
gold,orange,an,210,FALSE,a
fat,hen,a,210,FALSE,a
pink,feather,a,210,FALSE,a
yellow,shirt,a,210,FALSE,a
red,fire,a,210,FALSE,a
orange,screw,a,210,FALSE,an
red,wrapper,a,211,FALSE,a
brown,fish,a,211,FALSE,a
thick,air,NA,211,TRUE,NA
yellow,tooth,a,211,FALSE,a
hot,cream,NA,211,TRUE,NA
square,diamond,a,211,FALSE,a
purple,dolphin,a,211,FALSE,a
wooden,track,a,211,FALSE,a
fat,body,a,211,FALSE,a
hot,powder,a,211,FALSE,a
red,bat,a,212,FALSE,a
giant,leopard,a,212,FALSE,a
round,corner,a,212,FALSE,a
wooden,guy,a,212,FALSE,a
dirty,mouth,a,212,FALSE,a
pink,bowl,a,212,FALSE,a
hot,table,a,212,FALSE,a
dark,kitchen,a,212,FALSE,a
wet,game,a,212,FALSE,a
back,garden,a,212,FALSE,a
dark,window,a,213,FALSE,a
green,egg,an,213,FALSE,a
wet,dress,a,213,FALSE,a
dead,bird,a,213,FALSE,a
giant,head,a,213,FALSE,a
green,snow,NA,213,TRUE,NA
thick,paint,NA,213,TRUE,NA
buttered,pizza,a,213,FALSE,a
pink,nail,a,213,FALSE,a
dirty,costume,a,213,FALSE,a
yellow,finger,a,214,FALSE,a
orange,sunshine,NA,214,TRUE,NA
pink,bunny,a,214,FALSE,a
yellow,dress,a,214,FALSE,a
green,table,a,214,FALSE,a
wet,house,a,214,FALSE,a
curly,boy,a,214,FALSE,a
salty,sweet,a,214,FALSE,a
wet,bear,a,214,FALSE,a
red,tongue,a,214,FALSE,a
brown,hand,a,215,FALSE,a
orange,slice,a,215,FALSE,an
pink,book,a,215,FALSE,a
dirty,milk,NA,215,TRUE,NA
slippery,shoe,a,215,FALSE,a
wet,window,a,215,FALSE,a
pink,color,a,215,FALSE,a
square,game,a,215,FALSE,a
curly,hair,a,215,FALSE,a
dirty,bubble,a,215,FALSE,a
furry,tummy,a,216,FALSE,a
light,ball,a,216,FALSE,a
wet,dirt,NA,216,TRUE,NA
rusty,bucket,a,216,FALSE,a
brown,trunk,a,216,FALSE,a
brown,sofa,a,216,FALSE,a
pink,lemonade,NA,216,TRUE,NA
brown,tree,a,216,FALSE,a
green,sunshine,NA,216,TRUE,NA
dark,wood,NA,216,TRUE,NA
green,deck,a,217,FALSE,a
muddy,wheel,a,217,FALSE,a
bright,mercury,NA,217,TRUE,NA
red,chair,a,217,FALSE,a
red,brick,a,217,FALSE,a
pink,phone,a,217,FALSE,a
red,gate,a,217,FALSE,a
red,bed,a,217,FALSE,a
orange,car,a,217,FALSE,an
gold,star,a,217,FALSE,a
brown,ear,an,218,FALSE,a
green,mud,NA,218,TRUE,NA
purple,sand,NA,218,TRUE,NA
hot,swing,a,218,FALSE,a
hot,pear,a,218,FALSE,a
red,coral,NA,218,TRUE,NA
hot,sky,a,218,FALSE,a
yellow,van,a,218,FALSE,a
yellow,crayon,a,218,FALSE,a
dark,ball,a,218,FALSE,a
wooden,stick,a,219,FALSE,a
orange,frog,a,219,FALSE,an
fuzzy,peach,a,219,FALSE,a
oval,circle,a,219,FALSE,an
wet,cup,a,219,FALSE,a
fuzzy,flower,a,219,FALSE,a
bearded,person,a,219,FALSE,a
yellow,cross,a,219,FALSE,a
purple,stair,a,219,FALSE,a
green,wagon,a,219,FALSE,a
pink,pony,a,220,FALSE,a
red,bucket,a,220,FALSE,a
hot,milk,NA,220,TRUE,NA
pajamas,jeans,NA,220,TRUE,NA
pink,octopus,an,220,FALSE,a
green,mark,a,220,FALSE,a
grey,paper,a,220,FALSE,a
red,clown,a,220,FALSE,a
hot,food,NA,220,TRUE,NA
red,railing,a,220,FALSE,a
yellow,button,a,221,FALSE,a
grey,tree,a,221,FALSE,a
red,queen,a,221,FALSE,a
hot,neck,a,221,FALSE,a
hot,pepper,a,221,FALSE,a
brown,suit,a,221,FALSE,a
bright,stick,a,221,FALSE,a
buttered,pan,a,221,FALSE,a
purple,elephant,an,221,FALSE,a
green,duck,a,221,FALSE,a
green,scissor,a,222,FALSE,a
pink,tea,NA,222,TRUE,NA
green,elephant,an,222,FALSE,a
yellow,tree,a,222,FALSE,a
velvety,horse,a,222,FALSE,a
yellow,bead,a,222,FALSE,a
purple,circle,a,222,FALSE,a
fat,bread,NA,222,TRUE,NA
hot,butter,a,222,FALSE,a
dead,car,a,222,FALSE,a
